CATEGORY, BRAND,MODEL,YEAR,OEN,PRICE,TYPE
CAR, AUDI,a3,09~,1K0498621,20171,허브베어링,SANLEI
CAR, AUDI,a3,09~,1T0498621,20171,허브베어링,KOYO
CAR, AUDI,a3,09~,1T0598611,16809,허브베어링,SANLEI
CAR, AUDI,a3,09~13,30BWK28,16449,허브베어링,KOYO
CAR, AUDI,a3,09~,30BWK28,11449,허브베어링,SANLEI
CAR, AUDI,a6,04~11,4E0411317E,4803,암베어링,SANLEI
CAR, AUDI,a3,09~,800179DABS,10566,허브베어링,SANLEI
CAR, AUDI,a1,02~05,801191AD,13447,허브베어링,SANLEI
CAR, AUDI,a1,02~05,803640BA,13928,허브베어링,SANLEI
CAR, AUDI,a4,02~05,803755AA,17049,허브베어링,SANLEI
CAR, AUDI,a4,04~07,803755AA,16203,허브베어링,KOYO
CAR, AUDI,a4,01~05,803755AA,18020,허브베어링,NSK
CAR, AUDI,a4,02~05,8E0411317,3602,암베어링,KOYO
CAR, AUDI,a4,07~12,8E0411317,3402,암베어링,SANLEI
CAR, AUDI,a4,07~12,8K0411317,6331,암베어링,SANLEI
CAR, AUDI,a4,07~12,8K0411317D,4563,암베어링,SANLEI
CAR, AUDI, A7 Sportback,04~11,BAF-0126,15004,허브베어링,SANLEI
CAR, AUDI,a6,04~11,BAF-0127X,13568,허브베어링,SANLEI
CAR, AUDI,a4,02~05,BAF-0134X,12122,허브베어링,SANLEI
CAR, AUDI,a3,09~,DAC40740040,6964,허브베어링,SANLEI
CAR, AUDI,a4,07~12,F-563438X,18250,허브베어링,SANLEI
CAR, AUDI, A7 Sportback,04~11,F-563438X,18250,허브베어링,SANLEI
CAR, AUDI, SQ5,09~17,F-563438X,18250,허브베어링,SANLEI
CAR, AUDI,a5,09~,F-805963,17650,허브베어링,SANLEI
CAR, AUDI,a4,07~12,F-805963,17650,허브베어링,SANLEI
CAR, AUDI, SQ5,09~17,F-805963,17650,허브베어링,SANLEI
CAR, BENZ, M-CLASS,10~15,1643202132,5523,암베어링,SANLEI
CAR, BENZ, GL-CLASS,02~15,1663200789,12007,암베어링,SANLEI
CAR, BENZ, GL-CLASS,02~15,1663200889,12007,암베어링,SANLEI
CAR, BENZ, M-CLASS,10~15,1663340206,29056,허브베어링,SANLEI
CAR, BENZ,A-CLASS,09~17,1693200989,5283,암베어링,SANLEI
CAR, BENZ,B-Class,05~,1699810027,22812,허브베어링,SANLEI
CAR, BENZ,C-class,00~18,2033202889,4323,암베어링,SANLEI
CAR, BENZ,C-class,00~18,2043200789,9605,암베어링,SANLEI
CAR, BENZ,C-class,00~18,2043201789,5043,암베어링,SANLEI
CAR, BENZ,C-class,00~18,2043201889,5043,암베어링,SANLEI
CAR, BENZ,C-class,00~18,2043202289,9605,암베어링,SANLEI
CAR, BENZ,C-class,00~18,2043203789,9605,암베어링,SANLEI
CAR, BENZ,C-class,00~18,2043203889,9605,암베어링,SANLEI
CAR, BENZ,C-class,00~18,2043300625,21885,허브베어링,SANLEI
CAR, BENZ,CLK,00~18,2043300625,21885,허브베어링,SANLEI
CAR, BENZ,E-class,02~15,2113203889,7925,암베어링,SANLEI
CAR, BENZ,E-class,02~15,2113203989,7925,암베어링,SANLEI
CAR, BENZ,E-class,02~15,2123201189,9605,암베어링,SANLEI
CAR, BENZ,E-CLASS Coupe,02~15,2123201189,9605,암베어링,SANLEI
CAR, BENZ,E-class,02~15,2123201289,9605,암베어링,SANLEI
CAR, BENZ,E-CLASS Coupe,02~15,2123201289,9605,암베어링,SANLEI
CAR, BENZ,S-Class ,02~,2203201589,7925,암베어링,SANLEI
CAR, BENZ,S-Class ,02~,2203201689,7925,암베어링,SANLEI
CAR, BENZ,CL,00~18,2203300725,23362,허브베어링,SANLEI
CAR, BENZ, S-Class ,02~,2203300725,23362,허브베어링,SANLEI
CAR, BENZ, S-Class ,02~,2213200189,5043,암베어링,SANLEI
CAR, BENZ, S-Class ,02~,2213200289,5043,암베어링,SANLEI
CAR, BENZ, S-Class ,02~,2213201589,5523,암베어링,SANLEI
CAR, BENZ, S-Class ,02~,2213201689,5523,암베어링,SANLEI
CAR, BENZ,CL,00~18,2213300225,22133,허브베어링,SANLEI
CAR, BENZ, S-Class ,02~,2213300225,22133,허브베어링,SANLEI
CAR, BENZ, S-Class ,02~,2223201689,8885,암베어링,SANLEI
CAR, BENZ, S-Class ,02~,2223201789,8885,암베어링,SANLEI
CAR, BENZ,SL,00~18,2303300325,21372,허브베어링,SANLEI
CAR, BENZ,E-class,02~15,2303300325,21372,허브베어링,SANLEI
CAR, BENZ,A-CLASS,09~17,2463340006,31217,허브베어링,SANLEI
CAR, BENZ,A-CLASS,09~17,A1699810006,9942,허브베어링,SANLEI
CAR, BENZ,A-CLASS,09~17,DAC45840041,9942,허브베어링,SANLEI
CAR, BENZ,CLK,00~18,A2093300325,18970,허브베어링,SANLEI
CAR, BENZ,SL,00~18,A2309810127,13803,허브베어링,SANLEI
CAR, BENZ, GL-CLASS,02~15,AU1101-3LX6L,15410,허브베어링,SANLEI
CAR, BENZ, GL-CLASS,02~15,AU1101-3L669,15410,허브베어링,SANLEI
CAR, BENZ, GL-CLASS,02~15,AU1106,15589,허브베어링,SANLEI
CAR, BENZ, GLK ,10~15,AU1106,15589,허브베어링,SANLEI
CAR, BENZ,A-CLASS,09~17,DAC42750037,6364,허브베어링,SANLEI
CAR, BENZ,A-CLASS,09~17,DAC45840039ABS96,8948,허브베어링,SANLEI
CAR, BENZ,B-Class,05~,DAC45840039ABS96,8948,허브베어링,SANLEI
CAR, BENZ,C-class,00~18,DAC45840039ABS96,8948,허브베어링,SANLEI
CAR, BENZ,SL,00~18,DAC45840039ABS96,8948,허브베어링,SANLEI
CAR, BENZ,CLK,00~18,DAC45840039ABS96,8948,허브베어링,SANLEI
CAR, BENZ,CLK,00~18,DAC45840039ABS96,8948,허브베어링,SANLEI
CAR, BENZ,SL,00~18,DAC45850041ABS96,9197,허브베어링,SANLEI
CAR, BENZ,CL,00~18,DAC49880046,10935,허브베어링,SANLEI
CAR, BENZ,E-class,02~15,DAC49880046,10935,허브베어링,SANLEI
CAR, BENZ, M-CLASS,10~15,DAC49880046,10935,허브베어링,SANLEI
CAR, BENZ, S-Class ,02~,DAC49880046,10935,허브베어링,SANLEI
CAR, BENZ, GL-CLASS,02~15,DAC52960050ABS96,11692,허브베어링,SANLEI
CAR, BENZ, GL-CLASS,02~15,DU54980050ABS96,16569,허브베어링,SANLEI
CAR, BENZ, G-CLASS,02~15,HR32011J,4443,허브베어링,SANLEI
CAR, BENZ,CL,00~18,HUB285-4,14281,허브베어링,SANLEI
CAR, BENZ,E-class,02~15,HUB285-4,14281,허브베어링,SANLEI
CAR, BENZ, GLK ,10~15,HUB285-4,14281,허브베어링,SANLEI
CAR, BENZ, S-Class ,02~,HUB285-4,14281,허브베어링,SANLEI
CAR, BENZ,SL,00~18,L68149,2360,허브베어링,SANLEI
CAR, BENZ,CLK,00~18,L68149,2360,허브베어링,SANLEI
CAR, BENZ,CLK,00~18,L68149,913,허브베어링,SANLEI
CAR, BMW, 7-Series ,09~12,31206775771,31217,허브베어링,SANLEI
CAR, BMW,5 SeriesF10 ,10~16,31206850154,31367,허브베어링,SANLEI
CAR, BMW,5 Series,03~13,31226765601,26414,허브베어링,SANLEI
CAR, BMW, X3 ,11~17,31306787163,6244,암베어링,SANLEI
CAR, BMW, X3 ,11~17,31306787164,6244,암베어링,SANLEI
CAR, BMW,1 Series,11~15,31306792211,6724,암베어링,SANLEI
CAR, BMW,X5,11~,31356750703,5043,암베어링,SANLEI
CAR, BMW, X5 ,11~13,31356750703,5043,암베어링,SANLEI
CAR, BMW,5 Series,03~13,31356769499,5283,암베어링,SANLEI
CAR, BMW,5 Series,03~13,31356769500,5283,암베어링,SANLEI
CAR, BMW,X5,11~,31356773024,6244,암베어링,SANLEI
CAR, BMW, X5 ,11~13,31356773024,6244,암베어링,SANLEI
CAR, BMW,5 SeriesF10 ,10~16,31356777319,5523,암베어링,SANLEI
CAR, BMW,X4,11~17,33406787015,13688,허브베어링,SANLEI
CAR, BMW, X3 ,11~17,33406787015,13688,허브베어링,SANLEI
CAR, BMW, 7-Series ,09~12,33406850159,14757,허브베어링,SANLEI
CAR, BMW,X5,11~,37116771930,6964,암베어링,SANLEI
CAR, BMW, X5 ,11~13,37116771930,6964,암베어링,SANLEI
CAR, BMW,1 Series,11~15,31206794850K,31332,허브베어링,SANLEI
CAR, BMW,1 Series,11~15,DAC42750037,6455,허브베어링,SANLEI
CAR, CADILLAC,CTS,02~,513186,28575,허브베어링,SANLEI
CAR, CADILLAC,CTS,02~,15858708,6148,암베어링,SANLEI
CAR, CADILLAC,CTS,02~,22816802,6484,암베어링,SANLEI
CAR, CADILLAC,CTS,02~,25693148,29296,허브베어링,SANLEI
CAR, CADILLAC,CTS,02~,BAR-0200,29265,허브베어링,SANLEI
CAR, CHRYSLER,300C,02~,513224,23533,허브베어링,SANLEI
CAR, CHRYSLER,300C,02~,513225,32657,허브베어링,SANLEI
CAR, FORD , TAURUS,08~16,513275,28283,허브베어링,SANLEI
CAR, FORD , FOCUS,11~15,510013010,15368,허브베어링,SANLEI
CAR, FORD , FOCUS,11~15,3M513B438AA,2882,암베어링,SANLEI
CAR, FORD , Explorer,11~15,BB5Z-1104,33618,허브베어링,SANLEI
CAR, FORD , TAURUS,08~16,DG9C3B438ANC,3127,암베어링,SANLEI
CAR, FORD , TAURUS,08~16,E1GC-2C299-A3A,30016,허브베어링,SANLEI
CAR, JEEP,Grand Cherokee,11~12,513159,29536,허브베어링,SANLEI
CAR, JEEP,Grand Cherokee,11~12,513324,33138,허브베어링,SANLEI
CAR, JEEP,Grand Cherokee,11~12,5174185,3242,암베어링,SANLEI
CAR, JEEP,COMPASS,11~12,3785A009,24347,허브베어링,SANLEI
CAR, JEEP,COMPASS,11~12,5105770AC,25347,허브베어링,SANLEI
CAR, JEEP, WRANGER,07~16,52060398AC,38420,허브베어링,SANLEI
CAR, JEEP,COMPASS,11~12,53354844,22092,허브베어링,SANLEI
CAR, JEEP,COMPASS,11~12,DAC43800040ABS86,8451,허브베어링,SANLEI
CAR, VOLVO,XC70,06~,31277808,29776,허브베어링,SANLEI
CAR, VOLVO,V50,07~16,510013010,15368,허브베어링,SANLEI
CAR, VOLVO,S40,07~16,510013010,15368,허브베어링,SANLEI
CAR, VOLVO,S40,07~16,3M513B438AA,2944,암베어링,SANLEI
CAR, VOLVO,XC70,06~,6G913K099NAB,4011,허브베어링,SANLEI
CAR, VOLVO,S60,00~04,6G9N3B438BA,2853,암베어링,SANLEI
CAR, VOLVO,S80,00~06,6G9N3B438BA,2853,암베어링,SANLEI
CAR, VOLVO,S40,07~16,6M51-2C299-AA,24493,허브베어링,SANLEI
CAR, VOLVO,S40,07~16,6M51-2C299-AB,24013,허브베어링,SANLEI
CAR, VOLVO,S40,07~16,6M51-2C300-AA,16945,허브베어링,SANLEI
CAR, VOLVO,S80,00~06,801842D,100198,허브베어링,SANLEI
CAR, VOLVO,S40,07~16,BBM2-34-38X,3867,허브베어링,SANLEI
CAR, VOLVO,S60,00~04,VKBA6531,20891,허브베어링,SANLEI
CAR, VOLVO,XC70,06~,VKBA6531,21372,허브베어링,SANLEI
COM, SCANIA,STREAMLINE,09~,S1K0498621,20171,허브베어링,HYUNDAI
COM, SCANIA,STREAMLINE,09~,S1T0498621,20171,허브베어링,NSK
COM, SCANIA,STREAMLINE,09~,1ST0598611,16809,허브베어링,HYUNDAI
COM, SCANIA,STREAMLINE,09~13,K30BWK28,16449,허브베어링,NSK
COM, SCANIA,STREAMLINE,09~,30BFWK28,11449,허브베어링,HYUNDAI
COM, SCANIA,STREAMLINE,04~11,4AE0411317E,4803,암베어링,HYUNDAI
COM, SCANIA,STREAMLINE,09~,800GF179DABS,10566,허브베어링,HYUNDAI
COM, SCANIA,STREAMLINE,02~05,801GF191AD,13447,허브베어링,HYUNDAI
COM, SCANIA,STREAMLINE,02~05,80364GF0BA,13928,허브베어링,HYUNDAI
COM, SCANIA,STREAMLINE,02~05,803GF755AA,17049,허브베어링,HYUNDAI
COM, SCANIA,STREAMLINE,04~07,8037AS55AA,16203,허브베어링,NSK
COM, SCANIA,STREAMLINE,01~05,80375AS5AA,18020,허브베어링,NSK
COM, SCANIA,STREAMLINE,02~05,8E0411AS317,3602,암베어링,NSK
COM, SCANIA,STREAMLINE,07~12,8E04113AS17,3402,암베어링,HYUNDAI
COM, SCANIA,STREAMLINE,07~12,8K041100317,6331,암베어링,HYUNDAI
COM, SCANIA,STREAMLINE,07~12,8K041124317D,4563,암베어링,HYUNDAI
COM, SCANIA, STREAMLINE Sportback,04~11,KAF-0126,15004,허브베어링,HYUNDAI
COM, SCANIA,STREAMLINE,04~11,BGF-0127X,13568,허브베어링,HYUNDAI
COM, SCANIA,STREAMLINE,02~05,BGF-0134X,12122,허브베어링,HYUNDAI
COM, SCANIA,STREAMLINE,09~,AAC40740040,6964,허브베어링,HYUNDAI
COM, SCANIA,STREAMLINE,07~12,SC-563438X,18250,허브베어링,HYUNDAI
COM, SCANIA, STREAMLINE Sportback,04~11,FO-563438X,18250,허브베어링,HYUNDAI
COM, SCANIA, STREAMLINE,09~17,F-563438XT,18250,허브베어링,HYUNDAI
COM, SCANIA,STREAMLINE,09~,F-80596F3,17650,허브베어링,HYUNDAI
COM, SCANIA,STREAMLINE,07~12,F-80F5963,17650,허브베어링,HYUNDAI
COM, SCANIA, STREAMLINE,09~17,F-8F05963,17650,허브베어링,HYUNDAI